TAXA,FAMILY,SPECIES,SUBSPECIES,Common_name,spp_code_raster,Spp_code_phylogeny,mass,mass_male,mass_female,size,size_male,size_female,color_dimorphism,age_1st_rep,max_lifespan,rep_characteristics,clutch_litter_size,rep_per_year,rep_seasonality,broad_diet,activity_period,shelter_type,strata_used,pot_dispersal,endemic,rainforest_specialization,references,num_occur,model_background,realized_dist,core_realized_dist,potential_dist,core_potential_dist,elev_range,temp_range,precip_range,ENFA_marginality,ENFA_specialization,num_veg_types,veg_speciliazation,map_reliability
REPT,Scincidae,Techmarscincus jigurru,.,Bartle Frere Skink,TECJIGU,Tj,5.5,5.5,5.6,72,70.4,74.3,.,.,.,.,3,.,2,4,1,1,2,2,1,6,5; 16,6,grid,42592,4179,525932.8,4179.2,1452 - 1600,15.4 - 16.2,6003 - 6717,3.78,76.23,2,0.83,3b
REPT,Scincidae,Eulamprus frerei,.,,EULFRER,Et,97.2,49,113,130,107,153.7,.,.,.,.,5,.,.,4,1,2,2,3,1,6,5; 16,4,grid,111296,7488,549561.6,7488,1437 - 1600,15.4 - 16.2,6169 - 6717,.,.,3,0.5,3bc
FROG,Microhylidae,Cophixalus concinnus,.,Beautiful Nursery-Frog,COPCONC,Cc,1.2,1.2,.,22,22,.,0,730,.,0,17,.,1,4,2,2,2,2,1,6,5; 6; 7,26,grid,163782.4,12890,1252505.6,16121.6,913 - 1279,17.3 - 19.2,2756 - 3456,2.53,76.73,5,0.69,4
REPT,Scincidae,Glaphyromorphus clandestinus,.,Mt Elliot skink,GLACLAN,cL,.,.,.,59,.,.,.,.,.,.,3,.,.,4,1,2,2,2,1,4,5; 16,3,grid,469446.4,62234,1064243.2,62272,495 - 500,21.2 - 21.2,1193 - 1196,.,.,.,.,1b
FROG,Microhylidae,Cophixalus neglectus,.,Tangerine Nursery-Frog,COPNEGL,Cn,1.8,.,.,24,21.2,24.6,0,730,.,0,22,.,1,4,2,2,2,2,1,6,5; 6; 7,62,grid,244070.4,65958,1385548.8,67027.2,765 - 1585,15.5 - 19.7,3437 - 7417,3.45,13.06,4,0.55,4
FROG,Microhylidae,Cophixalus monticola,.,Mountain Top Nursery-Frog,COPMONT,CM,0.6,0.6,.,18,18.2,.,0,730,.,0,11,.,1,4,2,2,2,2,1,6,5; 6; 7,18,grid,202534.4,81478,644435.2,112505.6,1134 - 1240,17.6 - 18.1,2469 - 2758,2.3,441.75,1,1,3bc
FROG,Microhylidae,Cophixalus exiguus,.,Bloomfield Nursery-Frog,COPEXIG,Cx,0.4,0.4,.,15,15.1,.,0,730,.,0,9,.,1,4,2,2,2,2,1,5,5; 6; 7,17,grid,917267.2,122560,2148057.6,246406.4,320 - 700,20.4 - 22.5,2226 - 2939,1.69,25.18,1,1,2abd
FROG,Microhylidae,Cophixalus mcdonaldi,.,Southern Nursery-Frog,COPMCDO,Cm,1.1,.,.,21,20,.,.,730,.,0,17,.,1,4,2,2,2,2,1,5,5; 6; 7,2,grid,162201.6,161978,18458041.6,6218310.4,465 - 780,19.7 - 21.4,1170 - 1459,.,.,.,.,3b
MAMM,Dasyuridae,Sminthopsis leucopus,.,White-footed Dunnart,SMILEUC,S2,25,.,25,101,.,.,0,336,2,5,8,1,1,3,2,2,2,3,0,6,3*; 10; 12*,2,grid,2658009.6,238054,9500761.6,317107.2,780 - 939,19 - 19.8,1854 - 2164,.,.,1,1,1b
FROG,Microhylidae,Cophixalus hosmeri,.,Pipping Nursery-Frog,COPHOSM,CH,0.3,0.2,.,13,12.7,.,0,730,.,0,7,.,1,4,2,2,5,2,1,6,5; 6; 7,88,grid,429145.6,242304,1830528,491276.8,704 - 1302,17.2 - 20.5,1429 - 3008,2,23.28,3,0.94,4
FROG,Microhylidae,Cophixalus aenigma,.,Tapping Nursery-Frog,COPAENI,Ca,0.6,0.5,.,19,18.7,.,0,730,.,0,8,.,1,4,2,2,2,2,1,6,5; 6; 7,165,grid,1158451.2,409638,2567097.6,703795.2,372 - 1317,17.1 - 22,1477 - 3550,2.02,5.41,6,0.71,4
REPT,Scincidae,Lampropholis robertsi,.,,LAMROBE,Lr,2,2.2,1.9,46,46.8,44.6,0,.,.,4,2,.,2,4,1,2,2,2,1,6,5; 16,39,grid,2631404.8,528461,2985068.8,531417.6,685 - 1540,15.7 - 20.5,1778 - 7408,2.41,4.1,4,0.64,3a
MAMM,Pseudocheiridae,Pseudochirulus cinereus,.,Daintree River Ringtail Possum,PSECINE,Pc,1000,1092,908,353,353,352,0,480,10,5,2,1,3,1,2,1,1,4,1,6,3*; 10; 11; 12*,155,grid,1705408,529408,3363481.6,630598.4,419 - 1260,17.5 - 22.1,1274 - 2759,1.77,7.2,4,0.92,3ac
REPT,Gekkonidae,Phyllurus gulbaru,.,Gulbaru Gecko,PHYGULB,Pg,.,.,.,87,.,.,.,.,.,.,2,.,3,4,1,2,1,2,1,4,5; 16,2,grid,5663513.6,572691,9336755.2,1147468.8,366 - 538,21.3 - 22.1,1137 - 1176,.,.,1,1,1bc
FROG,Myobatrachidae,Mixophyes Carbinensis,.,,MIXCARB,Mcarb,38.6,32.9,55.6,68,64.9,77.7,0,.,.,1,,.,2,4,2,3,6,3,1,,21,26,grid,1535244.8,652576,2994700.8,785126.4,669 - 1244,17.6 - 20.7,1405 - 2672,1.78,18.69,2,0.81,3ad
REPT,Gekkonidae,Phyllurus amnicola,.,Mt.Elliot Leaf-tail gecko,PHYAMNI,Pa,.,.,.,113,.,113,.,.,.,.,2,.,2,4,2,1,1,3,1,4,5; 16,3,grid,4956953.6,691693,14523430.4,1651206.4,157 - 644,20.4 - 23.1,982 - 1315,.,.,.,.,1bc
FROG,Myobatrachidae,Taudactylus rheophilus,.,Northern Tinkerfrog,TAURHEO,Tr,1.8,.,.,28,26.1,28.5,0,365,.,2,43,.,3,4,1,2,3,3,1,6,5; 6; 7,18,grid,3903916.8,867405,4437369.6,868684.8,704 - 1527,15.8 - 20.5,1429 - 7292,2.08,9.4,3,0.78,2abc
FROG,Microhylidae,Cophixalus bombiens,.,Windsor Nursery-Frog,COPBOMB,Cb,0.3,0.3,0.4,14,13.4,14.8,0,730,.,0,7,.,1,4,2,2,2,2,1,5,5; 6; 7,74,grid,3453651.2,878445,4509702.4,920902.4,42 - 1280,17.4 - 24.4,1851 - 3320,1.66,4.18,5,0.81,2abcd
MAMM,Muridae,Uromys hadrourus,.,Masked White-tailed Rat,UROHADR,Uh,194,209,179,180,.,.,.,244,.,5,2,1,1,2,2,1,2,4,1,6,3*; 10; 11; 12*,16,grid,4524928,1018163,4644652.8,1018720,361 - 1154,18 - 22.2,1652 - 3187,1.74,4.64,2,0.75,2bd
REPT,Scincidae,Saproscincus czechurai,.,Czechura's Litter Skink,SAPCZEC,Cz,0.8,0.7,0.8,34,33.5,34.3,1,.,.,4,2,.,2,4,1,2,2,2,1,6,5; 16,47,grid,4608147.2,1254291,5365900.8,1297267.2,606 - 1540,15.7 - 21,1445 - 7408,2.12,2.31,4,0.83,3b
MAMM,Dasyuridae,Antechinus adustus,.,Rusty Antechinus,ANTADUS,Aa,30.5,33,28,100,.,.,0,285,2,6,6,1,1,4,1,2,2,2,1,6,10; 11,36,grid,4781356.8,1290458,4785312,1290457.6,557 - 1034,18.7 - 21,1554 - 2627,1.48,3.07,3,0.92,3abc
REPT,Elapidae,Furina tristis,.,Brown-headed Snake,FURTRIS,Ft,.,.,.,,609,584,.,.,.,.,5,.,.,4,2,2,2,2,0,3,5; 16; 17;18,2,target group,3210003.2,1457690,8430630.4,2177363.2,12 - 157,23.6 - 24.9,1723 - 3339,.,.,1,1,1b
REPT,Scincidae,Saproscincus lewisi,.,,SAPLEWI,Sl,1.2,1.1,1.2,41,39.6,42.1,0,.,.,4,2,.,2,4,1,2,2,2,1,5,5; 16,13,grid,2428921.6,1509536,5534675.2,2322604.8,14 - 700,20.4 - 24.5,2056 - 3534,1.76,8.96,4,0.39,2abde
MAMM,Phalangeridae,Trichosurus vulpecula j.,johnstonii,Coppery Brushtail Possum,TRIJOHN,TJ,1700,1942,.,350,.,.,0,346,16,5,1,1.3,2,1,2,1,1,5,1,5,3*; 10; 11,30,grid,4174092.8,1608806,4926809.6,1625120,620 - 1044,18.4 - 20.9,1478 - 2966,1.55,5.75,4,0.47,3de
BIRD,Ptilonorhynchidae,Prionodura newtoniana,.,Golden Bowerbird,GOLDBB,Pn,75,73,84,250,.,.,1,.,21,11,2,1,2,3,1,3,4,5,1,6,1,153,grid,5523532.8,1667821,5583411.2,1672806.4,464 - 1540,15.7 - 21.4,1253 - 7408,1.89,1.78,7,0.9,4
BIRD,Ptilonorhynchidae,Ptilonorhynchus violaceus,minor,Satin Bowerbird,SATBB,PV,180,187,174,280,.,.,1,2372,24,11,2,1.5,2,3,1,3,4,6,0,5,1;2,156,grid,6677740.8,1761734,6677740.8,1761734.4,267 - 1490,16 - 22.7,1356 - 6950,1.81,1.48,8,0.84,4
MAMM,Macropodidae,Dendrolagus bennettianus,.,Bennett's Tree-kangaroo,DENBENN,Be,12150,13700,10600,728,750,705,.,730,20,5,1,0.5,2,1,2,2,1,6,1,6,3*; 10 ;11; 12*,17,grid,3070284.8,1864019,7643078.4,3213580.8,20 - 1260,17.5 - 24.5,1982 - 3576,1.41,3.02,5,0.59,3ab
MAMM,Pseudocheiridae,Hemibelideus lemuroides,.,Lemuroid Ringtail Possum,HEMLEMU,Hl,952.5,925,980,343,344,342,0,480,5,5,1,1,2,1,2,1,1,4,1,6,3; 10 ;11; 12,143,grid,4365177.6,1887686,4930080,2019449.6,520 - 1222,17.6 - 21.1,1438 - 3252,1.74,2.64,6,0.86,4
FROG,Microhylidae,Austrochaperina fryi,.,Cricket Chirper,AUSFRYI,Af,2.4,2.3,2.9,28,27.9,26.7,0,730,.,0,12,.,1,4,2,2,2,2,1,5,5; 6; 7,352,grid,5205337.6,1950822,5667500.8,1979046.4,0 - 1302,17.2 - 24.6,1362 - 3555,1.5,1.7,9,0.82,4
REPT,Scincidae,Eulamprus brachysoma,.,,EULBRAC,EF,6.7,.,.,,68.4,56.3,0,.,.,4,4,.,2,4,1,2,5,2,0,4,5; 16,35,grid,10484083.2,1956288,10484083.2,1956288,82 - 1073,18.5 - 23.5,982 - 3359,0.99,1.15,4,0.42,1abc
BIRD,Cuculidae,Cacomantis castaneiventris,castaneiventris,Chestnut-breasted Cuckoo,CBCUC,Cf,29.5,27,32,220,.,.,0,.,6,7,1,.,2,4,1,1,4,6,0,4,1;2*,6,target group,6326080,2030387,6345619.2,2030387.2,20 - 612,20.7 - 24.3,2036 - 2397,1.31,407.93,2,0.83,1abcd
MAMM,Dasyuridae,Dasyurus maculatus,gracilis,Spotted-tailed Quoll,DASMACU,D2,5500,7000,4000,780,759,800,.,365,7,6,5,1,2,3,2,2,2,7,0,5,3; 10 ;11,124,grid,7728211.2,2187712,7728211.2,2187712,20 - 1494,16 - 24.5,1642 - 6995,1.82,1.33,6,0.79,3a
REPT,Elapidae,Hemiaspis signata,.,Black-bellied Swamp Snake,HEMSIGN,Hs,231,.,.,410,427,393,0,365,.,4,8,.,3,4,3,2,2,5,0,4,5; 16; 17;18,20,grid,7614188.8,2254304,7614188.8,2254304,10 - 1225,17.6 - 24.3,934 - 3339,1.47,1.03,4,0.79,2b
REPT,Scincidae,Glaphyromorphus mjobergi,.,,GLAMJOB,Gm,9.4,10.8,8.6,83,85.1,82.1,0,.,.,4,3,.,2,4,1,2,2,2,1,6,5; 16,20,grid,4555942.4,2306368,5078291.2,2451462.4,600 - 1275,17.1 - 20.8,1583 - 5386,1.86,2.65,1,1,3ab
BIRD,Muscicapidae,Zoothera lunulata,cuneata,Bassian Thrush,BASTH,Zl,100,104,99,275,.,.,0,.,8,10,2,1.5,2,4,1,1,4,5,0,5,1;2*,50,grid,6241305.6,2421600,6241305.6,2421600,600 - 1480,16 - 20.8,1270 - 6879,1.64,1.77,4,0.9,2abd
MAMM,Macropodidae,Dendrolagus lumholtzi,.,Lumholtz's Tree-kangaroo,DENLUMH,Lu,6750,7500,6000,573,591,554,0,720,20,5,1,0.5,3,1,2,2,1,6,1,6,3*; 10 ;11; 12*,109,grid,8781126.4,2578394,10003878.4,2718374.4,19 - 1437,16.2 - 24.4,1265 - 6505,1.59,1.3,9,0.61,3c
BIRD,Acanthizidae,Sericornis keri,.,Atherton Scrubwren,ASW,Sk,11.9,12,10.8,135,.,.,0,.,17,9,2,1,2,4,1,1,4,4,1,6,1;2*,166,grid,7985523.2,2654272,8211296,2654272,133 - 1480,16 - 23.8,1282 - 6879,1.71,1.39,7,0.83,3ad
MAMM,Dasyuridae,Antechinus godmani,.,Atherton Antechinus,ANTGODM,AG,76.5,95,58,133,143,122,0,330,2,6,6,1,1,4,1,1,1,3,1,6,10; 11,28,grid,5496236.8,2689370,5902758.4,2792102.4,644 - 1540,15.7 - 20.4,1707 - 7413,1.76,2.78,5,0.82,2ab
MAMM,Pseudocheiridae,Pseudochirulus herbertensis,.,Herbert River Ringtail Possum,PSEHERB,pH,1113.5,1177,1050,357,370,344,0,480,10,5,2,1.1,2,1,2,1,1,4,1,6,3*; 10; 11; 12*,172,grid,5011654.4,2698605,6282284.8,2845036.8,436 - 1443,16.2 - 21.5,1246 - 6556,1.59,1.86,6,0.84,4
FROG,Hylidae,Litoria revelata,.,Whirring Treefrog,LITREVE,re,.,.,.,35,.,.,.,365,.,1,787,.,2,4,2,2,6,3,0,5,5; 6; 7,9,grid,5726624,2804192,8004454.4,3215558.4,768 - 1194,17.6 - 19.8,1323 - 2850,1.82,37.61,3,0.43,2abc
BIRD,Acanthizidae,Acanthiza katherina,.,Mountain Thornbill,MTHORN,Ak,8.9,.,.,111,.,.,0,.,15,9,2,1,1,4,1,1,4,4,1,6,1;2,353,grid,6223468.8,2834842,6258598.4,2842816,560 - 1540,15.7 - 20.9,1309 - 7413,1.82,1.38,11,0.75,4
REPT,Gekkonidae,Nactus cheverti,.,,NACCHEV,Nc,66.1,.,.,80,.,.,0,.,10,4,2,.,2,4,2,2,2,2,0,4,5; 16; 19,15,grid,9977267.2,2837555,10121344,2880684.8,7 - 668,20.5 - 25,1281 - 3423,1.44,1.32,6,0.46,2bc
REPT,Boidae,Morelia spilota,cheynei,Jungle Carpet Python,MORSPIL,Mc,2920,.,.,2000,165.5,190,0,.,14,3,17,.,2,4,2,2,5,7,0,5,3; 5; 16; 18,213,grid,15413363.2,2936749,15413363.2,2936748.8,9 - 1190,17.5 - 24.6,1005 - 4194,0.97,0.75,8,0.59,1c
BIRD,Psittacidae,Platycercus elegans,nigrescens,Crimson Rosella,CROS,Pe,107.5,115,100,350,.,.,0,.,15,10,5,1,2,2,1,1,4,5,0,4,1;3,182,grid,6800480,2954496,6800697.6,2954496,360 - 1437,16.2 - 22.5,1321 - 6505,1.67,1.58,9,0.73,4
FROG,Hylidae,Litoria lorica,.,Armoured Mistfrog,LITLORI,LL,.,.,.,35,33.1,37.3,.,730,.,1,163,.,.,4,2,3,6,3,1,6,5; 6; 7,3,grid,3736729.6,3009101,19340160,8924364.8,240 - 1302,17.2 - 23,2584 - 3008,.,.,1,1,1abd
BIRD,Acanthizidae,Sericornis frontalis,laevigaster,White-browed Scrubwren,WBSW,Sf,12.3,13.1,11.5,125,.,.,1,.,18,.,3,3,3,4,1,1,4,4,0,4,1;2,67,grid,12291430.4,3271264,12291443.2,3271264,60 - 1168,17.6 - 23.6,1170 - 2635,1.24,2.31,7,0.45,2ac
REPT,Scincidae,Carlia rhomboidalis,.,,CARRHOM,rh,.,.,.,50,.,.,.,.,.,.,2,.,.,4,1,2,2,2,0,4,5; 16,3,grid,3368268.8,3354336,19660262.4,11788992,97 - 522,21.1 - 23.4,1042 - 1396,.,.,.,.,1be
MAMM,Muridae,Rattus fuscipes,coracius,Bush Rat,RATFUSC,Rf,122,.,.,214,.,.,.,210,5,5,5,3,3,2,2,1,1,4,0,4,3; 10,99,grid,11661900.8,3370278,11661900.8,3370278.4,5 - 1443,16.2 - 23.9,1257 - 6556,1.26,0.69,9,0.54,2bcd
REPT,Scincidae,Coeranoscincus frontalis,.,,COEFRON,Cf,201.5,.,.,250,.,.,0,.,.,4,4,.,2,4,1,2,2,4,1,6,5; 16,15,grid,9727084.8,3380442,9919372.8,3401318.4,40 - 1042,18.4 - 23.4,1644 - 3236,1.55,2.01,2,0.87,2abc
REPT,Scincidae,Lampropholis mirabilis,.,,LAMMIRA,Lm,1.7,1.9,1.6,48,47.2,47.8,.,.,.,.,2,.,2,4,1,1,2,2,1,3,5; 16,7,target group,3418393.6,3387117,22098265.6,14036736,47 - 604,20.6 - 23.7,977 - 1356,0.74,18.34,.,.,1bc
FROG,Myobatrachidae,Taudactylus acutirostris,.,Sharp-snouted Dayfrog,TAUACUT,Ta,1.1,0.8,1.3,23,20.6,24.6,.,365,.,1,33,.,3,4,2,2,6,3,1,6,5; 6; 7,77,grid,12203705.6,3485856,12627852.8,3503520,33 - 1302,17.2 - 23.8,1174 - 4405,1.53,0.93,7,0.78,3abc
BIRD,Ptilonorhynchidae,Scenopoeetes dentirostris,.,Tooth-billed Bowerbird,TBBB,Sd,170,157,182,300,.,.,0,1460,16,11,2,1,2,2,1,3,4,5,1,6,1;2,395,grid,7515494.4,3547373,7515558.4,3547372.8,70 - 1362,16.6 - 23.7,1170 - 5447,1.45,1.03,9,0.85,4
MAMM,Pseudocheiridae,Pseudochirops archeri,.,Green Ringtail Possum,PSEARCH,ar,1091.5,1064,1119,344,335,353,0,480,10,5,1,1,2,1,2,2,1,4,1,6,3*; 10; 11; 12*,169,grid,7689683.2,3559526,7711948.8,3567308.8,103 - 1220,17.7 - 24,1257 - 3266,1.46,1.26,6,0.82,3ac
MAMM,Burryamyidae,Cercartetus caudatus,macrurus,Long-tailed Pygmy Possum,CERCAUD,cC,30,.,30,106,.,.,0,460,10,5,3,2,2,3,2,1,1,3,0,6,3*; 10 ;11,19,grid,8814003.2,3608474,8961164.8,3614022.4,10 - 1100,18.3 - 24.6,1718 - 4133,1.4,1.81,3,0.74,3ab
BIRD,Petroicidae,Poecilodryas superciliosa,.,White-browed Robin,WBR,Po,17.5,19.5,16.1,150,.,.,0,.,9,.,2,.,3,4,1,1,4,4,0,4,1;2,19,target group,22410400,3640454,22410400,3640454.4,0 - 691,20.2 - 24,1005 - 1718,0.95,2.49,6,0.23,1b
FROG,Microhylidae,Cophixalus infacetus,.,Buzzing Nursery-Frog,COPINFA,Ci,0.5,0.5,.,15,14.7,18.8,0,730,.,0,11,.,1,4,2,2,2,2,1,6,5; 6; 7,163,grid,8766028.8,3641530,10591052.8,3752230.4,20 - 1037,18.4 - 24.3,1583 - 4157,1.45,1.11,7,0.91,3ac
BIRD,Acanthizidae,Oreoscopus gutturalis,.,Fernwren,FW,Og,16.6,18.6,14.6,140,.,.,0,.,4,10,2,1,2,4,1,1,4,4,1,6,1;2,409,grid,9165587.2,3739571,9225068.8,3752409.6,115 - 1540,15.7 - 23.9,1288 - 7408,1.53,0.93,9,0.89,4
REPT,Scincidae,Eulamprus tigrinus,.,,EULTIGR,Eb,10.7,11.4,10.4,80,81.4,79.6,0,.,.,4,4,.,2,4,1,2,2,2,1,6,5; 16,55,grid,10109132.8,3775757,10110995.2,3775756.8,11 - 1317,17.1 - 24.6,1482 - 4157,1.46,1.27,6,0.8,3ab
REPT,Elapidae,Tropidechis carinatus,.,Rough-scaled Snake,TROCARI,Tc,.,.,.,,676,672,.,.,.,.,11,.,2,4,2,2,6,6,0,5,5; 16; 17,16,grid,11511142.4,3836557,11552332.8,3839276.8,20 - 1238,17.5 - 23.7,1342 - 3374,1.45,2.77,5,0.4,2b
REPT,Gekkonidae,Carphodactylus laevis,.,Chameleon Gecko,CARLAEV,Cl,21.9,19.4,24.8,104,101.2,106.2,0,.,.,4,2,.,2,4,2,1,2,3,1,6,5; 16,116,grid,8031635.2,3879226,8261830.4,3880953.6,115 - 1079,18.4 - 23.9,1453 - 4083,1.34,1.47,5,0.95,4
BIRD,Pachycephalidae,Colluricincla boweri,.,Bowers Shrike-Thrush,BST,CB,39.1,40.4,37.7,210,.,.,0,.,7,10,2,1,2,4,1,1,4,7,1,6,1,452,grid,7261632,3945818,7286067.2,3946931.2,55 - 1480,16 - 24,1237 - 6879,1.45,0.93,10,0.82,3d
BIRD,Acanthizidae,Sericornis citreogularis,cairnsi,Yellow-throated Scrubwren,YTSW,Sc,16.2,16.9,15.6,140,141.3,137.7,1,.,17,10,3,2,3,4,1,1,4,4,0,5,1;2,438,grid,8447129.6,3962170,8447129.6,3962169.6,115 - 1537,15.7 - 23.9,1170 - 7392,1.46,0.98,9,0.84,4
MAMM,Vespertilionidae,Murina florium,.,Flute-nosed bat,MURFLOR,Mf,8,.,.,57,.,.,.,.,.,5,2,.,2,3,2,2,4,6,0,5,2; 10,12,grid,12768147.2,4158618,12768147.2,4158617.6,240 - 1140,18.1 - 22.8,1786 - 2389,1.48,14.11,2,0.83,1b
BIRD,Meliphagidae,Acanthorhynchus tenuirostris,cairnsensis,Eastern Spinebill,ESB,At,11,11.6,10,145,.,.,1,.,16,9,2,5,3,4,1,1,4,6,0,4,1;2,253,grid,9315430.4,4185408,9388281.6,4211084.8,200 - 1540,15.7 - 23,1237 - 7408,1.62,1.12,10,0.68,4
FROG,Microhylidae,Austrochaperina robusta,.,Pealing Chirper,AUSROBU,Ar,1.7,1.7,1.6,26,25.4,25.8,0,730,.,0,12,.,1,4,2,2,2,2,1,5,5; 6; 7,558,grid,9707168,4231648,11517369.6,4728217.6,26 - 1517,15.8 - 23.7,1242 - 7212,1.58,1.17,11,0.8,4
BIRD,Estrildidae,Erythrura trichroa,sigillifer,Blue-faced Parrot-Finch,BFPF,Et,13.1,.,.,118,.,.,1,244,3,10,4,3,2,2,1,1,4,5,0,4,1,28,grid,9440614.4,4336448,9482444.8,4336473.6,20 - 1140,18.1 - 24.4,1371 - 3151,1.22,1.65,3,0.82,2bc
BIRD,Meliphagidae,Lichenostomus frenatus,.,Bridled Honeyeater,BHE,Lf,36.4,36.8,35.9,482,48.1,48.3,0,.,5,10,3,.,2,3,1,1,4,6,1,5,1;2,533,grid,12287302.4,4593549,12287302.4,4593548.8,20 - 1537,15.7 - 24.5,1170 - 7392,1.45,0.74,13,0.77,4
BIRD,Columbidae,Columba leucomela,.,White-headed Pigeon,WHPIG,Cl,420,421,418,410,.,.,0,365,15,10,1,.,3,3,1,1,4,6,0,5,1;3*,149,grid,14031334.4,4610272,14031334.4,4610272,18 - 1350,16.7 - 24.5,1241 - 5825,1.25,0.64,7,0.74,3c
REPT,Varanidae,Varanus scalaris,similis/timorensis,Spotted Tree Monitor,VARSCAL,Vs,57.2,.,.,253,.,.,0,.,8,4,5,2,2,4,1,2,1,4,0,4,5; 16; 19,51,grid,12540198.4,4675693,12540198.4,4675692.8,40 - 1029,18.5 - 24.2,910 - 4157,0.95,0.67,7,0.74,2bcd
REPT,Elapidae,Pseudechis porphyriacus,.,Red-bellied Black Snake,PSEPORP,Pp,1700,.,.,,1056,928,0,579,12,4,12,1,2,4,1,2,2,7,0,4,3; 5; 16; 17; 20;,103,grid,15105990.4,4725907,15105990.4,4725907.2,80 - 1280,17.4 - 23.9,934 - 4157,1.35,0.65,7,0.83,3c
REPT,Scincidae,Saproscincus tetradactylus,.,Four-toed Litter Skink,SAPTETR,St,0.6,0.6,0.6,31,30.7,31,0,.,.,4,2,.,2,4,1,2,2,2,1,6,5; 16,113,grid,10786572.8,4751642,11902297.6,4802681.6,40 - 1181,17.9 - 24.1,1227 - 4157,1.06,0.8,5,0.92,3ac
FROG,Myobatrachidae,Mixophyes schevilli,.,Northern Barred Frog,MIXSCHE,Mc,53.1,48.8,63.7,75,66,75,0,730,16,1,426,.,2,4,2,3,6,3,1,5,5; 6; 7; 9,70,grid,13553913.6,4780160,14136409.6,4826963.2,26 - 1437,16.2 - 23.5,889 - 6505,1.37,0.76,6,0.79,2acd
BIRD,Psittacidae,Alisterus scapularis,minor,Australian King Parrot,KP,aS,212,223,201,425,.,.,1,.,27,10,5,1,2,3,1,1,4,7,0,4,1;3,394,grid,11661619.2,4982394,11661619.2,4982393.6,20 - 1540,15.7 - 23.9,1202 - 7408,1.4,0.84,11,0.83,4
REPT,Scincidae,Glaphyromorphus fuscicaudis,.,Grey-tailed Skink,GLAFUSC,Gf,8.8,10.6,7.7,75,77.1,73.7,0,.,.,4,3,.,2,4,1,2,2,2,1,5,5; 16,61,grid,9024601.6,5027341,9044204.8,5039520,20 - 1300,17.3 - 24.5,1256 - 4032,1.19,0.79,4,0.92,3bc
BIRD,Columbidae,Lopholaimus antarcticus,.,Topknot Pigeon,TPIG,La,500,472,522,450,.,.,0,.,.,10,1,.,2,3,1,1,4,7,0,5,1,216,grid,15076390.4,5112544,15076390.4,5112544,3 - 1540,15.7 - 24.6,1170 - 7408,1.33,0.65,9,0.69,3c
BIRD,Climacteridae,Cormobates leucophaeus,minor,White-throated Treecreeper,WTTC,Le,16.9,17.3,16.5,155,.,.,1,.,12,10,3,1,3,4,1,1,4,5,0,5,1;2,596,grid,11197715.2,5174822,11197715.2,5174822.4,20 - 1537,15.7 - 24.3,1202 - 7392,1.44,0.88,10,0.77,4
MAMM,Potoroidae,Hypsiprymnodon moschatus,.,Musky Rat-kangaroo,HYPMOSC,HM,520,529,511,232,230,233,0,635,6,5,2,1,3,2,1,2,2,4,1,6,10; 11; 14,120,grid,13195264,5212141,14032659.2,5217459.2,20 - 1283,17.4 - 24.5,1221 - 4032,1.43,1.38,9,0.81,3c
FROG,Myobatrachidae,Mixophyes Coggeri,.,,MIXCOGG,Mcog,76,69.9,91.1,88,86.1,93.2,0,.,.,1,,.,2,4,2,3,6,3,1,,21,56,grid,12548928,5311040,12665120,5350892.8,11 - 1109,18.2 - 24.6,1118 - 3751,0.84,0.75,7,0.57,2bcd
REPT,Scincidae,Gnypetoscincus queenslandiae,.,Prickly Forest Skink,GNYQUEE,Gq,6.6,5.8,6.8,67,65.1,67.8,0,.,.,4,3,.,2,4,1,2,2,2,1,6,5; 16,328,grid,9479513.6,5348173,9785190.4,5350086.4,20 - 1443,16.2 - 24.5,1265 - 6556,1.43,1.02,8,0.9,4
MAMM,Dasyuridae,Antechinus flavipes,rubeculus,Yellow-footed Antechinus,ANTFLAV,i2,45,56,34,113,121,105,0,345,4,6,8,1,1,4,1,2,2,3,0,4,3; 10 ;11,69,grid,18733548.8,5368557,18737856,5368556.8,40 - 1229,17.7 - 24.2,1246 - 3482,1.22,0.79,8,0.44,3ab
BIRD,Orthonychidae,Orthonyx spaldingii,melasmenus/spaldingii,Chowchilla,CC,Os,156.5,180,135,270,.,.,1,.,14,9,1,1,3,4,1,1,4,5,1,5,1;2,533,grid,11071846.4,5388198,11119859.2,5406860.8,20 - 1430,16.3 - 24.5,1227 - 5900,1.37,0.87,11,0.84,4
BIRD,Columbidae,Ducula bicolor,spilorhoa,Pied Imperial Pigeon,PIPIG,Db,450,468.1,444.1,440,.,.,0,.,14,10,1,3,2,3,1,1,4,8,0,5,1;2,102,target group,15231161.6,5567264,15231161.6,5567264,0 - 1110,18.1 - 24.6,1005 - 4149,1.44,0.96,8,0.42,3c
REPT,Scincidae,Egernia frerei,.,Major Skink,EGEFRER,Ef,97.2,.,.,180,.,.,0,.,7,4,3,.,2,4,1,2,2,3,0,4,5; 16; 19,25,grid,14396697.6,5667891,14396697.6,5667891.2,0 - 885,19.3 - 24.5,1301 - 3553,0.87,0.66,6,0.58,2bc
BIRD,Cuculidae,Chrysococcyx lucidus,plagosus,Shining Bronze-Cuckoo (Golden),SBCUC,LU,23.9,23.3,24.5,180,.,.,0,.,6,8,1,.,2,4,3,1,4,7,0,4,1;2*,232,grid,13422489.6,5693645,13422489.6,5693644.8,12 - 1215,17.7 - 24,928 - 4157,1.21,0.7,9,0.77,4
BIRD,Pachycephalidae,Pachycephala pectoralis,pectoralis,Golden Whistler,GOLDW,CH,23.2,23.9,22.5,175,.,.,1,.,18,10,2,2,2,4,1,1,4,6,0,4,1;2,647,grid,11894841.6,5697280,11894841.6,5697280,2 - 1527,15.8 - 24.5,1170 - 7292,1.38,0.83,13,0.75,4
REPT,Colubridae,Dendrelaphis calligastra,.,Northern Tree Snake,DENCALL,Dc,200,.,.,802,.,.,0,.,.,4,7,.,2,4,1,2,1,5,0,4,5; 16; 17,23,grid,12818105.6,5704800,13170867.2,5792716.8,11 - 1073,18.5 - 24.9,1033 - 3534,1.07,0.66,4,0.67,1abc
REPT,Gekkonidae,Saltuarius cornutus,.,Northern Leaf-tailed Gecko,SALCORN,Sc,38.1,35.5,41.7,129,128.5,130.4,0,.,.,4,2,1,1,4,2,2,1,3,1,5,5; 16,217,grid,11608505.6,5748902,11651347.2,5765164.8,19 - 1512,15.9 - 24.5,1205 - 6380,1.26,0.75,8,0.83,4
BIRD,Petroicidae,Heteromyias albispecularis,cinereifrons,Grey-headed Robin,GHR,Ha,35.6,38.5,32.7,195,.,.,0,.,.,10,2,1,2,4,1,1,4,4,0,5,1,777,grid,12913427.2,5795354,12913427.2,5795353.6,20 - 1540,15.7 - 24.5,1170 - 7408,1.4,0.68,14,0.76,4
BIRD,Campephagidae,Coracina lineata,lineata,Barred Cuckoo-Shrike,BCS,CL,100,.,.,270,.,.,0,.,9,10,2,.,2,3,1,1,4,6,0,4,1;2*,279,grid,13350380.8,5801888,13350380.8,5801888,18 - 1260,17.5 - 24.5,1017 - 3915,1.07,0.73,9,0.81,3c
REPT,Agamidae,Hypsilurus boydii,.,Boyd's Forest Dragon,HYPBOYD,Hb,131.8,104.4,145.4,152,141.3,158,0,2,.,4,4,3,2,4,1,3,1,4,1,6,5; 16,101,grid,11185139.2,5923859,11228345.6,5934617.6,0 - 1130,18 - 24.6,1347 - 4032,1.1,0.76,11,0.82,4
FROG,Microhylidae,Cophixalus ornatus,.,Common Nursery-Frog,COPORNA,Co,1,1,1.3,23,22.6,24.7,0,1460,14,0,16,.,1,4,2,2,2,2,1,5,5; 6; 7; 8,944,grid,11745004.8,5989683,13357395.2,6500140.8,15 - 1512,15.9 - 24.3,1219 - 7036,1.46,0.87,12,0.77,4
BIRD,Halcyonidae,Tanysiptera sylvia,sylvia,Buff-breasted Paradise-Kingfisher,BBPK,SY,50,49.4,50.3,330,360,300,1,.,9,10,4,1,1,4,1,2,4,8,0,5,1;2,94,grid,16309164.8,6139859,16311750.4,6139859.2,0 - 934,19 - 24.7,1087 - 3915,0.95,0.65,6,0.63,2b
BIRD,Tytonidae,Tyto multipunctata,multipunctata,Lesser Sooty Owl,LSOWL,MP,495,370,560,365,350,380,0,365,34,9,2,1,3,4,2,1,4,5,1,5,1;3*,112,grid,16336633.6,6166893,16349728,6166937.6,23 - 1215,17.7 - 24.3,1202 - 4677,1.21,0.73,7,0.8,3ac
BIRD,Meliphagidae,Meliphaga lewinii,mab,Lewin's Honeyeater,LEWHE,ML,32.6,33.5,31.8,200,.,.,0,.,16,10,2,3,3,3,1,1,4,4,0,5,1;2,730,grid,13204454.4,6169216,13204454.4,6169216,9 - 1300,17.2 - 24.8,989 - 5252,1.24,0.78,11,0.71,4
MAMM,Macropodidae,Thylogale stigmatica,stigmatica,Red-legged Pademelon,THYSTIG,Ts,4600,5100,4100,478,492,463,0,341,10,5,1,2,3,1,1,3,2,5,0,5,3; 10; 11,260,grid,16119014.4,6273120,16119014.4,6273120,3 - 1274,17.5 - 24.4,1151 - 4677,1.15,0.78,10,0.66,4
MAMM,Muridae,Uromys caudimaculatus,.,Giant White-tailed Rat,UROCAUD,Uc,646,667,625,331,352,310,0,244,16,5,2,1,1,2,2,1,1,5,0,5,3; 10; 11; 12,216,grid,16811660.8,6366784,16811660.8,6366784,4 - 1186,17.9 - 24.8,1242 - 3934,0.97,0.64,13,0.76,3c
BIRD,Artamidae,Strepera graculina,robinsoni,Pied Currawong,CURR,Sg,240,270,220,480,.,.,0,.,25,10,3,1,2,3,1,1,4,7,0,4,1;2,420,grid,22028006.4,6419494,22028006.4,6419494.4,4 - 1540,15.7 - 24.5,828 - 7413,1.42,0.61,12,0.66,3c
BIRD,Acanthizidae,Gerygone magnirostris,cairnsensis,Large-billed Gerygone,LBGER,Gm,7,7.5,6.7,110,.,.,0,.,4,.,2,.,3,4,1,1,4,5,0,3,1;2,88,target group,12971449.6,6446067,15615782.4,6848556.8,1 - 840,19.4 - 24.6,1031 - 4149,1.56,1.18,12,0.27,3bc
REPT,Scincidae,Saproscincus basiliscus,.,,SAPBASI,Sb,1.5,1.5,1.5,42,41.9,42.4,1,.,.,4,2,.,2,4,1,2,2,2,1,5,5; 16,289,grid,15412518.4,6486202,15763289.6,6597203.2,20 - 1215,17.7 - 24.6,1137 - 4157,1.09,0.66,10,0.73,3c
BIRD,Dicruridae,Monarcha melanopsis,.,Black-faced Monarch,BFMON,el,22.6,22.8,22.3,180,.,.,0,.,6,10,3,1,2,4,1,1,4,7,0,5,1;2,371,grid,17044652.8,6493357,17044652.8,6493356.8,1 - 1527,15.8 - 24.5,1091 - 7292,1.17,0.66,9,0.78,4
REPT,Scincidae,Lampropholis coggeri,.,,LAMCOGG,Lc,1.2,1.1,1.2,38,37.5,38.1,0,.,.,4,2,.,2,4,1,2,2,2,1,5,5; 16,329,grid,10178195.2,6496902,10283980.8,6568134.4,20 - 1300,17.3 - 24.5,975 - 4141,1.13,0.69,8,0.88,4
BIRD,Cuculidae,Cuculus saturatus,.,Oriental Cuckoo,OCUC,CU,94.8,91.8,97.7,320,.,.,1,365,13,8,,.,.,4,1,1,4,8,0,3,1,15,target group,26150540.8,6560506,26150540.8,6560505.6,7 - 902,19.3 - 24.5,989 - 3091,0.77,1.19,5,0.55,1b
FROG,Hylidae,Litoria nyakalensis,.,Mountain Mistfrog,LITNYAK,Ny,.,.,.,32,31.6,.,.,730,.,1,88,.,2,4,2,2,6,3,1,6,5; 6; 7,28,grid,15015168,6572986,15015168,6572985.6,10 - 1015,18.6 - 23.9,1211 - 3846,1.14,1.2,6,0.43,2ab
MAMM,Muridae,Rattus leucopus,cooktownensis,Cape York Rat,RATLEUC,RL,164,.,.,176,.,.,.,210,4,5,5,3,3,2,2,1,1,4,0,5,3*; 11,45,target group,11648032,6576864,11728672,6577561.6,0 - 1443,16.2 - 24.6,1725 - 6556,1.21,0.85,12,0.56,2bcd
BIRD,Casuariidae,Casuarius casuarius,johnsonii,Southern Cassowary,CASS,Cc,41375,34100,58500,1750,.,.,0,1460,40,11,4,0.8,2,3,1,3,2,7,0,6,1,771,grid,18038444.8,6949754,18461996.8,6999513.6,0 - 1215,17.7 - 24.9,1227 - 4106,1.44,0.74,16,0.51,3c
FROG,Hylidae,Litoria jungguy,.,,LITJUNG,Lj,11.1,6.3,22.2,46,41,59.1,0,365,11,1,1200,.,2,4,1,3,6,3,1,5,,191,grid,7115251.2,6963693,7166835.2,6985779.2,14 - 1431,16.3 - 24.7,981 - 5879,0.98,0.55,7,0.93,2de
BIRD,Eupetidae,Psophodes olivaceus,lateralis,Eastern Whipbird,EWB,Ol,62.8,68,57.5,260,48.4,47,1,.,12,10,2,1.5,3,4,1,1,4,5,0,5,1;2,691,grid,14095494.4,6973293,14182329.6,6997926.4,20 - 1540,15.7 - 24.4,1202 - 7413,1.33,0.71,14,0.75,4
REPT,Boidae,Morelia kinghorni,.,Amethystine Python,MORKING,Mk,4000,.,.,2000,.,.,0,.,20,3,16,.,2,4,2,2,5,7,0,5,3; 5; 16; 17,201,grid,18807571.2,6991322,18807571.2,6991321.6,4 - 1110,18.3 - 24.9,1094 - 4032,0.91,0.67,9,0.51,3bc
FROG,Microhylidae,Austrochaperina pluvialis,.,White-browed Chirper,AUSPLUV,Ap,1.1,1.1,.,23,23.1,.,0,730,.,0,10,.,1,4,2,2,2,2,1,5,5; 6; 7,216,grid,12241574.4,7109331,12516230.4,7117721.6,10 - 1293,17.4 - 24.6,1289 - 4157,1.08,0.83,7,0.76,4
REPT,Elapidae,Cryptophis nigrescens,.,Eastern Smalleyed Snake,RHINIGR,ni,53.1,.,.,600,.,.,0,.,.,4,4,.,1,4,2,2,2,6,0,5,5; 16; 17;18,60,grid,18739308.8,7429261,18739308.8,7429260.8,16 - 1214,17.6 - 24.4,934 - 3872,0.97,0.58,7,0.58,3bc
MONO,Ornithorhyncidae,Ornithorhynchus anatinus,.,Platypus,ORNANAT,Oa,861,1018,704,426,441,410,0,595,22.6,5,2,1,2,4,4,2,3,6,0,4,3; 10; 15,19,grid,16614803.2,7502547,16614809.6,7502547.2,20 - 1072,18.3 - 24.4,1265 - 3307,1.18,0.9,3,0.84,3ab
BIRD,Paradisaeidae,Ptiloris victoriae,.,Victoria's Riflebird,VRIF,VI,95,105,86,250,.,.,1,2007,9,11,2,2,2,3,1,1,4,5,1,5,1;2,643,grid,15118176,7705248,15118176,7705248,20 - 1280,17.2 - 24.5,1170 - 4032,1.15,0.67,12,0.8,4
BIRD,Acanthizidae,Gerygone mouki,mouki,Brown Gerygone,BGER,MA,5.5,5.5,5.5,145,.,.,0,.,9,9,3,2,3,4,1,1,4,5,0,6,1;2,615,grid,16070624,7717862,16070624,7717862.4,18 - 1239,17.6 - 24.4,814 - 4157,1.06,0.67,14,0.75,4
MAMM,Muridae,Melomys cervinipes,eboreus,Fawn-footed Melomys,MELCERV,Mc,65.5,70.4,60.5,175,200,150,0,225,5,5,3,1.3,3,1,2,2,5,3,0,4,10; 11,231,grid,19486336,7721293,19487980.8,7721292.8,0 - 1443,16.2 - 24.8,1023 - 6556,0.99,0.56,15,0.59,3c
BIRD,Dicruridae,Monarcha leucotis,.,White-eared Monarch,WEMON,mL,12.1,12.4,11.7,150,.,.,0,.,12,10,3,1,2,4,1,1,4,4,0,5,1;2*,62,target group,15272025.6,7731194,15272025.6,7731193.6,0 - 940,19 - 24.5,1226 - 3915,1.06,0.67,5,0.65,2bc
REPT,Scincidae,Eulamprus quoyii,.,Eastern Water Skink,EULQUOY,Eq,27.6,.,.,,103.4,102,0,.,.,4,5,.,2,4,1,2,2,2,0,4,5; 16,29,grid,23172473.6,7844806,23172473.6,7844806.4,27 - 1110,18.1 - 24.3,1056 - 4020,0.92,0.8,5,0.78,3bc
BIRD,Ptilonorhynchidae,Ailuroedus melanotis,maculosus,Spotted Catbird,CAT,Am,166,179,156,280,.,.,0,.,20,10,2,1,2,3,1,1,4,6,0,5,1;2,703,grid,15144915.2,7846464,15288006.4,7913587.2,10 - 1527,15.8 - 24.5,1186 - 7292,1.21,0.63,13,0.77,4
MAMM,Pteropodidae,Nyctimene robinsoni,.,Eastern tubenosed bat,NYCROBI,Nr,49.9,49.2,50.6,105,.,.,.,.,.,5,1,1,2,3,2,2,4,7,0,4,10,75,grid,18527628.8,8182144,18527628.8,8182144,20 - 1081,18.3 - 24.5,1137 - 4157,1,0.59,4,0.77,3ac
FROG,Hylidae,Litoria xanthomera,.,Northern Orange-eyed Treefrog,LITXANT,Lx,6.9,6.9,.,47,47.2,.,0,730,.,1,1526,.,2,4,2,2,6,3,1,4,5; 6; 7,117,grid,18375968,8254061,18473267.2,8286604.8,36 - 1300,17.3 - 24.4,953 - 3519,1.09,0.65,6,0.75,4
BIRD,Cuculidae,Chrysococcyx russatus,.,Gould's Bronze-Cuckoo,GBCUC,RU,18.7,18.5,18.8,160,.,.,1,.,6,7,1,.,1,4,3,1,4,6,0,4,1,63,target group,17878009.6,8268794,17878009.6,8268793.6,0 - 979,18.9 - 24.7,1061 - 4149,1.35,0.81,9,0.3,2acd
FROG,Hylidae,Litoria rheocola,.,Common Mistfrog,LITRHEO,Rh,2.3,2.2,3.1,34,31.5,36.3,0,730,.,2,109,.,3,4,2,2,6,3,1,6,5; 6; 7,236,grid,14129836.8,8276019,14129913.6,8276019.2,15 - 1122,18.2 - 24.6,953 - 4168,1.22,0.8,9,0.71,4
FROG,Ranidae,Rana daemeli,.,Australian Bullfrog,RANDAEM,Rd,7.8,.,.,60,.,.,0,365,8,1,3000,.,2,4,2,3,6,3,0,4,3; 5; 6; 7,59,grid,20859520,8304819,20956563.2,8323078.4,10 - 618,20.9 - 24.7,917 - 3987,1.18,1.21,7,0.41,3bc
MAMM,Peramelidae,Perameles nasuta,pallescens,Long-nosed Bandicoot,PERNASU,PN,975,1090,859,367,.,.,0,150,7,5,3,6.9,3,3,2,2,2,5,0,5,3; 10; 12,228,grid,19617382.4,8389606,19624448,8389676.8,0 - 1294,17.4 - 24.5,1127 - 4677,1.14,0.67,14,0.63,3c
REPT,Agamidae,Physignathus lesueurii,lesueuri,Eastern Water Dragon,PHYLESU,Pl,60.7,.,.,147,.,.,0,.,13,3,11,1,2,4,1,3,2,3,0,4,5; 16; 19,136,grid,16943916.8,8533082,16943916.8,8533081.6,20 - 1200,17.8 - 24.5,934 - 4157,0.96,0.55,7,0.68,3c
BIRD,Dicruridae,Arses kaupi,kaupi,Pied Monarch,PMON,AK,12.6,12.7,12.5,155,.,.,1,.,4,10,2,1,2,4,1,1,4,5,1,5,1;2,235,grid,18192339.2,8544269,18331974.4,8591142.4,0 - 1183,17.9 - 25,1202 - 3869,0.96,0.6,12,0.74,3c
FROG,Hylidae,Nyctimystes dayi,.,Australian Lace-lid,NYCDAYI,Nd,6.4,2.6,10.2,47,37.2,57.2,0,730,11,2,107,.,2,4,2,2,6,3,1,5,5; 6; 7,180,grid,16564204.8,8620083,16705497.6,8628480,18 - 1214,17.7 - 24.5,953 - 4168,1.16,0.63,7,0.62,3bc
BIRD,Dicruridae,Machaerirhynchus flaviventer,secundus,Yellow-breasted Boatbill,YBBB,Mf,9.7,9.6,9.8,342,34.5,33.9,0,.,12,10,2,1,2,4,1,1,4,5,0,5,1;2,388,grid,19300012.8,8627910,19300012.8,8627910.4,5 - 1280,17.4 - 24.6,1202 - 4020,0.88,0.55,11,0.76,4
BIRD,Pittidae,Pitta versicolor,intermedia,Noisy Pitta,NPIT,pV,95,99,89,210,.,.,0,.,11,10,3,1.5,2,4,1,1,4,7,0,5,1;2*,217,grid,19372486.4,8629722,19372486.4,8629721.6,2 - 1160,18 - 24.6,1044 - 3915,0.73,0.53,11,0.73,3c
BIRD,Podargidae,Podargus papuensis,baileyi,Papuan Frogmouth,PFROG,Pp,380,414.3,341,600,.,.,1,.,14,10,1,1,3,4,2,1,4,6,0,4,1;2*,27,target group,15453068.8,8638067,15453068.8,8638067.2,4 - 1198,17.8 - 24.6,1356 - 3908,1.08,0.86,6,0.44,2bc
REPT,Scincidae,Carlia rubrigularis,.,Northern Red-throated Skink,CARRUBR,RU,3.3,3.5,3,52,51.8,52.8,1,.,.,4,2,2,2,4,1,2,2,2,1,5,5; 16,460,grid,15908140.8,8820211,15977574.4,8835238.4,14 - 1300,17.3 - 24.6,1137 - 4157,0.97,0.6,9,0.77,4
REPT,Elapidae,Cacophis churchilli,.,,CACCHUR,Cc,.,.,.,538,.,.,.,610,.,.,6,.,.,4,2,2,2,6,1,4,5; 16; 17; 18,11,grid,29021625.6,8847462,29021625.6,8847462.4,71 - 1214,17.6 - 23.6,1372 - 2933,1.16,1.89,3,0.64,2b
BIRD,Cuculidae,Cacomantis flabelliformis,flabelliformis,Fan-tailed Cuckoo,FTCUC,Cv,49.9,49.8,49.9,280,.,.,1,.,6,7,1,.,2,4,3,1,4,8,0,4,1;2,226,grid,24495993.6,8976954,24495993.6,8976953.6,0 - 1507,15.9 - 24.3,828 - 7109,0.88,0.57,13,0.63,3acd
BIRD,Megapodiidae,Alectura lathami,lathami,Australian Brush Turkey,ABT,Al,2330,2450,2210,700,.,.,0,365,13,11,18,1,2,2,1,2,2,5,0,4,1;2,318,grid,20359820.8,9004314,20359820.8,9004313.6,1 - 1449,16.2 - 24.5,877 - 6602,0.94,0.53,14,0.64,4
BIRD,Columbidae,Macropygia amboinensis,robinsoni,Brown Cuckoo-Dove,BPIG,Ma,237,240,233,450,.,.,1,.,15,10,1,.,2,3,1,1,4,6,0,5,1;3*,645,grid,19279219.2,9108506,19279219.2,9108505.6,9 - 1372,16.6 - 24.5,1052 - 5493,1.16,0.58,13,0.74,4
BIRD,Acanthizidae,Sericornis magnirostris,viridor,Large-billed Scrubwren,LBSW,Sm,9.7,9.9,9.5,115,.,.,0,.,16,9,3,.,3,4,1,1,4,4,0,5,1;2,742,grid,17052384,9112723,17052384,9112723.2,2 - 1540,15.7 - 24.6,1170 - 7413,1.18,0.56,13,0.76,4
BIRD,Oriolidae,Oriolus flavocinctus,kingi,Yellow Oriole,YO,Of,100,110,104,285,.,.,0,365,15,10,2,.,2,3,1,1,4,6,0,3,1;3*,174,target group,12561651.2,9124064,12561651.2,9124064,0 - 900,19.3 - 25,1147 - 4149,1.4,0.84,10,0.32,4
FROG,Hylidae,Litoria nannotis,.,Waterfall Frog,LITNANN,NA,10.1,8.4,11.9,50,47,53.6,0,730,.,2,176,.,3,4,2,2,6,3,1,5,5; 6; 7,166,grid,15443238.4,9190509,15504883.2,9191641.6,60 - 1214,17.7 - 24.2,1079 - 4157,0.98,0.61,8,0.59,4
BIRD,Petroicidae,Tregellasia capito,nana,Pale-yellow Robin,PYR,Tr,14,14.2,12.8,135,.,.,0,.,13,9,2,1.5,3,4,1,1,4,4,0,5,1;2,529,grid,19600544,9207712,19600544,9207712,9 - 1294,17.4 - 24.4,920 - 4047,0.91,0.57,14,0.74,4
BIRD,Columbidae,Ptilinopus magnificus,keri,Wompoo Fruit-Dove,WOMP,Pm,448,470,428,450,.,.,0,.,15,10,1,1,3,3,1,1,4,6,0,5,1;2;3*,566,grid,19774156.8,9211763,19774156.8,9211763.2,9 - 1246,17.6 - 24.6,1137 - 4141,1,0.58,13,0.74,4
BIRD,Columbidae,Ptilinopus superbus,superbus,Superb Fruit-Dove,SFD,PS,110,104.1,110.6,240,.,.,1,.,15,10,1,.,3,3,1,1,4,7,0,5,1;2;3*,508,target group,16316454.4,9260845,16316454.4,9260844.8,8 - 1540,15.7 - 24.5,1131 - 7413,1.11,0.54,11,0.81,4
BIRD,Rallidae,Rallina tricolor,robinsoni,Red-necked Crake,RNCR,Rt,210,214,194,290,.,.,0,.,11,10,5,1,2,4,1,3,5,5,0,5,1;2*,53,target group,19683641.6,9443891,19683641.6,9443891.2,13 - 943,19.2 - 24.5,1297 - 4032,1.08,0.69,5,0.46,3b
BIRD,Columbidae,Ptilinopus regina,regina,Rose-crowned Fruit-Dove,RCFD,Pr,102.1,110.3,93.8,240,.,.,0,.,15,10,1,.,2,3,1,1,4,7,0,5,1;2;3*,102,target group,17278854.4,9551629,17278854.4,9551628.8,0 - 1090,18.2 - 24.7,1028 - 3675,0.93,0.59,10,0.66,3c
MAMM,Petauridae,Dactylopsila trivirgata,.,Striped Possum,DACTRIV,Dt,441.5,460,423,263,.,.,0,600,10,5,2,1,2,3,2,1,1,5,0,5,3; 10 ;11,75,grid,22561299.2,9590816,22561299.2,9590816,3 - 1181,18 - 24.5,928 - 4051,1.03,0.52,8,0.55,3bc
FROG,Hylidae,Litoria genimaculata,.,Green-eyed Treefrog,LITGENI,Ge,15,4.7,22.6,60,42.9,68.8,0,730,16,1,843,.,2,4,2,2,6,3,1,5,5; 6; 7,486,grid,16306476.8,9598202,16365414.4,9604166.4,11 - 1443,16.2 - 24.6,1111 - 6556,1.09,0.58,13,0.68,4
BIRD,Sturnidae,Aplonis metallica,metallica,Metallic Starling,MSTAR,AM,56,61.6,52.7,250,.,.,0,365,.,10,3,3,3,3,1,1,4,8,0,4,1,198,target group,14537504,9707168,14537740.8,9707168,0 - 1208,17.7 - 24.6,1239 - 4157,1.37,0.81,10,0.46,4
REPT,Colubridae,Stegonotus cucullatus,.,Slaty-grey Snake,STECUCU,ST,1500,.,.,900,954,842,0,912,.,4,12,1,2,4,2,2,6,6,0,4,5; 16; 17,25,grid,17967116.8,9707430,17967116.8,9707430.4,11 - 1166,18 - 24.4,1272 - 3445,1.03,0.76,5,0.56,3b
BIRD,Accipitridae,Accipiter novaehollandiae,.,Grey Goshawk,GGH,An,515,350,680,550,.,.,0,365,20,9,3,1,1,4,1,1,4,7,0,5,1;3*,78,grid,22812108.8,9715373,22812108.8,9715372.8,0 - 1437,16.2 - 24.4,1124 - 6505,0.96,0.53,5,0.62,3c
BIRD,Meliphagidae,Xanthotis macleayana,.,Macleay's Honeyeater,MACHE,Xm,32.8,39,32.4,200,.,.,0,.,8,10,2,1,2,3,1,1,4,4,1,5,1;2,510,grid,19922105.6,9868992,20029836.8,9899782.4,2 - 1198,17.5 - 24.7,1202 - 4901,0.92,0.57,14,0.68,4
MAMM,Pteropodidae,Pteropus conspicillatus,.,Spectacled flying-fox,PTECONS,Pc,750,850,650,230,.,.,.,.,20,5,1,1,2,3,2,3,4,7,0,4,2*; 3* 10; 11; 12*,100,grid,20871276.8,10084858,20871276.8,10084857.6,3 - 1165,18 - 24.7,947 - 3892,1.02,0.7,7,0.39,3c
FROG,Hylidae,Litoria infrafrenata,.,White-lipped Treefrog,LITINFR,Li,.,.,.,110,.,.,.,730,.,1,4100,.,2,4,2,3,6,3,0,4,5; 6; 7,62,grid,22465689.6,10214752,22488883.2,10214752,4 - 1013,18.8 - 24.9,1057 - 4157,1.24,0.7,7,0.44,4
BIRD,Artamidae,Artamus leucorynchus,leucopygialis,White-breasted Woodswallow,WBWS,Ar,41,41.1,40.8,175,.,.,0,.,9,9,4,3,3,4,1,1,4,7,0,3,1;2*,195,target group,22397785.6,10381926,22397785.6,10381926.4,0 - 1211,17.8 - 24.6,763 - 4032,0.96,0.76,11,0.56,2c
BIRD,Dicruridae,Monarcha trivirgatus,melanorrhoa,Spectacled Monarch,SMON,Mt,13,12.7,13.3,155,.,.,0,.,12,10,3,1,2,4,1,1,4,7,0,5,1;2,743,grid,20526323.2,10414739,20526323.2,10414739.2,0 - 1300,17.3 - 24.8,933 - 4157,0.92,0.52,15,0.7,4
BIRD,Alcedinidae,Alcedo pusilla,halli,Little Kingfisher,LK,Ap,14.5,15,14,130,.,.,0,365,21,10,5,.,2,4,1,2,4,4,0,4,1;3*,34,grid,21301241.6,10462253,21331308.8,10469107.2,1 - 880,19.4 - 24.7,817 - 3727,0.73,0.61,8,0.39,2bc
BIRD,Columbidae,Chalcophaps indica,rogersi,Emerald Dove,ED,Ci,111,115,107,270,.,.,1,.,12,10,2,.,3,2,1,1,4,6,0,5,1;2,310,grid,20327251.2,10575654,20327251.2,10575654.4,2 - 1294,17.4 - 24.6,1059 - 4157,0.88,0.52,13,0.65,4
BIRD,Meliphagidae,Meliphaga notata,mixta,Yellow-spotted Honeyeater,YSHE,Mn,26,27.4,25.3,185,.,.,0,.,9,10,2,.,3,3,1,1,4,4,0,5,1;2,617,grid,19518592,10604538,19518592,10604537.6,0 - 1147,18 - 24.8,893 - 4157,0.92,0.57,16,0.54,4
MAMM,Muridae,Pogonomys mollipilosus,.,Prehensile-tailed Rat,POGMOLL,Pm,63,57,69,140,144,135,0,.,3,5,3,1,2,2,2,1,1,3,0,6,3*; 10,7,grid,19175507.2,10830451,32759462.4,14734444.8,340 - 1073,18.5 - 22.6,1347 - 3246,0.92,5.75,3,0.57,1b
BIRD,Apodidae,Collocalia spodiopygius,terraereginae,White-rumped Swiftlet,WRSW,Cs,15,.,.,120,.,.,0,.,12,10,1,2,3,4,1,2,4,5,0,5,1,202,grid,20632934.4,10890797,20632934.4,10890796.8,0 - 1317,17.1 - 24.7,924 - 4157,0.99,0.5,11,0.35,3c
REPT,Varanidae,Varanus varius,.,Lace Monitor,VARVARI,VV,.,.,.,765,.,.,.,.,15,.,10,.,1,4,1,3,5,5,0,4,5; 16; 19,25,grid,19248339.2,10990118,19248339.2,10990118.4,10 - 1121,18.1 - 24.5,933 - 2880,0.48,0.97,3,0.52,2bc
BIRD,Psittacidae,Cyclopsitta diophthalma,macleayana,Double-eyed Fig-Parrot,DEFP,Cd,41,41.8,.,145,.,.,1,274,15,10,3,3,2,3,1,1,4,5,0,5,1;4,329,target group,17473011.2,11125600,17473094.4,11125600,0 - 1210,17.7 - 24.6,1230 - 4157,1.02,0.61,10,0.65,4
BIRD,Pachycephalidae,Pachycephala simplex,peninsulae,Grey Whistler,GREYW,SI,17.5,17.3,16.7,145,.,.,0,.,10,10,2,1,1,4,1,1,4,6,0,3,1;2,227,target group,23939078.4,11717728,23942764.8,11717728,2 - 1215,17.6 - 24.6,1230 - 4074,1.03,0.61,9,0.63,3b
REPT,Elapidae,Demansia psammophis,psammophis,Yellow-faced Whipsnake,DEMPSAM,PS,53.5,.,.,543,556,529,0,610,.,4,6,1,1,4,1,3,2,6,0,3,5; 16; 17;18,23,target group,19604640,12042950,19604640,12042950.4,58 - 961,18.9 - 24.3,1102 - 3243,0.73,1.36,3,0.59,1bc
BIRD,Artamidae,Cracticus quoyi,rufescens,Black Butcherbird,BBUT,Cq,156,160.9,152,380,.,.,0,.,6,10,3,.,2,4,1,1,4,5,0,4,1;2,295,target group,17292224,12238944,17292224,12238944,0 - 1200,17.8 - 24.7,1090 - 4157,1.11,0.67,12,0.56,4
BIRD,Meliphagidae,Philemon buceroides,yorki,Helmeted Friarbird,HFB,Pb,120,139.3,111,340,.,.,0,.,11,10,4,1,2,3,1,1,4,7,0,3,1;2*,256,target group,25722444.8,12255354,25722444.8,12255353.6,0 - 1054,18.5 - 24.8,893 - 4149,1.1,0.61,13,0.36,3c
BIRD,Oriolidae,Sphecotheres viridis,ashbyi/flaviventris,Figbird,FIG,Sv,120,119.8,124,280,.,.,1,.,17,9,3,2,3,3,1,1,4,6,0,4,1;2,387,grid,22665024,12782451,22665024,12782451.2,0 - 1110,18.1 - 24.8,886 - 4157,0.77,0.51,14,0.34,3c
BIRD,Megapodiidae,Megapodius reinwardt,castanonotus,Orange-footed Scrubfowl,OFSF,Mr,1015,1030,1000,470,.,.,0,.,.,12,1,6,3,2,1,2,2,4,0,5,1,429,target group,19144883.2,13010842,19144883.2,13010841.6,0 - 1362,16.8 - 24.7,1202 - 4901,0.98,0.59,11,0.62,3c
BIRD,Cuculidae,Chrysococcyx minutillus,barnardi,Little Bronze-Cuckoo,LBCUC,MI,18.6,18.6,18.5,170,.,.,0,.,6,8,1,.,2,4,3,1,4,7,0,4,1;2*,44,target group,30188960,13393030,30188960,13393030.4,0 - 1260,17.5 - 24.8,1039 - 3915,0.73,0.48,7,0.55,2bcd
BIRD,Meliphagidae,Meliphaga gracilis,imitatrix,Graceful Honeyeater,GHE,Mg,15,16.5,14.7,155,.,.,0,.,4,10,2,.,3,3,1,1,4,4,0,5,1;2,498,target group,19632076.8,13619840,19632076.8,13619840,0 - 950,19 - 24.7,1173 - 4149,0.93,0.63,13,0.61,4
BIRD,Apodidae,Hirundapus caudacutus,caudacutus,White-throated Needletail,WTNT,Hc,93.2,97.9,88.5,200,.,.,0,.,20,8,,.,2,4,1,2,4,7,0,3,1;3*,30,target group,28453984,14147539,28453984,14147539.2,3 - 1414,16.4 - 24.4,950 - 5805,0.67,0.51,5,0.39,1b
MAMM,Rhinolophidae,Rhinolophus megaphyllus,megaphyllus,Eastern horseshoe bat,RHIMEGA,Rm,10.5,.,.,44,.,.,.,.,25,5,1,1,1,4,2,3,4,6,0,3,3*; 10; 12*,48,target group,22596281.6,14740250,22596281.6,14740249.6,4 - 1140,18.1 - 24.4,1065 - 3987,0.91,0.51,5,0.65,1bc
BIRD,Dicruridae,Rhipidura rufifrons,intermedia,Rufous Fantail,RFAN,UF,10,10.4,9.2,160,.,.,0,.,9,10,3,2,3,4,1,1,4,7,0,4,1;2*,424,target group,26155891.2,16516499,26155891.2,16516499.2,0 - 1437,16.2 - 24.5,973 - 6505,0.99,0.51,12,0.69,3c
BIRD,Strigidae,Ninox novaeseelandiae,lurida,Southern Boobook,BOO,Nn,221,215,227,350,.,.,0,365,13,10,3,1,1,4,2,1,4,6,0,3,1;2,169,target group,25123296,16565766,25123296,16565766.4,4 - 1443,16.2 - 23.9,828 - 6556,1.19,0.65,8,0.64,3c
MAMM,Pteropodidae,Pteropus alecto,.,Black flying-fox,PTEALEC,Pa,600,.,.,250,.,.,.,365,20,5,1,1,1,3,2,3,4,7,0,3,2; 3; 10,8,target group,29733344,16607462,29733344,16607462.4,0 - 388,21.8 - 24,817 - 3004,0.77,41.46,3,0.33,1b
BIRD,Cuculidae,Eudynamys scolopacea,cyanocephalus,Common Koel,KOEL,Es,226.5,233.2,219.8,410,.,.,1,.,10,.,1,5,2,3,1,1,4,8,0,3,1;2,90,target group,28237696,16714246,28237696,16714246.4,0 - 1110,18.1 - 24.6,938 - 3915,0.42,0.46,8,0.44,2bc
FROG,Myobatrachidae,Limnodynastes peronii,.,Striped Marshfrog,LIMPERO,Lp,20,.,.,65,.,.,0,365,.,1,850,.,2,4,2,2,6,3,0,3,5; 6; 7,116,target group,26070937.6,16772410,26077228.8,16772409.6,15 - 1194,17.6 - 23.9,866 - 4081,0.97,0.68,7,0.4,2c
BIRD,Alcedinidae,Alcedo azurea,azurea,Azure Kingfisher,AZK,Aa,33.8,33.4,34.3,190,.,.,0,365,21,10,6,.,3,4,1,2,4,5,0,4,1;3*,90,grid,29723526.4,17501498,29723526.4,17501497.6,2 - 1080,18.2 - 24.7,817 - 4157,0.66,0.49,11,0.34,2bc
BIRD,Zosteropidae,Zosterops lateralis,vegetus/ramsayi,Silvereye,SE,ZL,11.4,11.8,11,120,.,.,0,.,19,10,3,3,3,3,1,1,4,6,0,4,1;2,511,target group,25333555.2,18214598,25333555.2,18214598.4,0 - 1500,15.9 - 24.6,1044 - 7067,0.81,0.49,17,0.65,3c
REPT,Elapidae,Vermicella annulata,.,Bandy Bandy,VERANNU,Va,.,.,.,,368,544,1,.,15,.,7,.,2,4,2,3,2,6,0,3,5; 16; 17; 18; 19,6,target group,22481177.6,18315507,22481177.6,18315507.2,530 - 1000,18.7 - 21.3,1272 - 1513,0.99,1.97,4,0.5,1b
BIRD,Strigidae,Ninox rufa,queenslandica,Rufous Owl,ROWL,Nr,1100,1200,1000,570,.,.,0,.,6,10,2,1,1,4,2,1,4,6,0,3,1;3*,19,target group,31746086.4,19400288,31746086.4,19400288,5 - 1140,18.2 - 24.4,1057 - 2784,1.13,1.06,3,0.61,1b
BIRD,Oriolidae,Oriolus sagittatus,sagittatus,Olive-backed Oriole,OBO,OS,95,95.6,94.4,280,.,.,0,365,15,.,3,2,2,3,1,1,4,8,0,3,1;3*,72,target group,27016736,19838803,28481433.6,20968332.8,3 - 960,19 - 24.5,886 - 4020,0.43,0.5,7,0.44,2bcd
BIRD,Campephagidae,Lalage leucomela,leucomela/yorki,Varied Triller,VT,EU,32.1,32.2,32,195,.,.,1,.,5,10,1,.,2,3,1,1,4,4,0,3,1;2,519,target group,26206099.2,19915424,26206099.2,19915424,0 - 1110,18.1 - 24.8,1005 - 4149,0.81,0.51,15,0.51,4
BIRD,Acanthizidae,Gerygone palpebrosa,personata,Fairy Gerygone,FGER,Gp,7.5,7.5,7.5,108,.,.,1,.,4,10,2,.,3,4,1,1,4,4,0,3,1;2,164,target group,32216416,20426803,32216416,20426803.2,0 - 950,19 - 24.8,812 - 3915,0.97,0.57,11,0.47,3c
BIRD,Psittacidae,Trichoglossus chlorolepidotus,.,Scaly-breasted Lorikeet,SBL,Tc,86.9,88.4,85.3,240,.,.,0,.,16,10,2,3,3,3,1,1,4,7,0,3,1;3*,363,target group,32161056,20517952,32161056,20517952,0 - 1300,17.3 - 24.6,893 - 4047,0.73,0.51,15,0.57,3c
BIRD,Meliphagidae,Myzomela obscura,harterti,Dusky Honeyeater,DUHE,MO,13,13.8,10.7,140,.,.,0,.,12,10,2,2,3,3,1,1,4,5,0,3,1;2,387,target group,30137664,20652499,30137664,20652499.2,0 - 1110,18.1 - 24.8,812 - 4149,0.74,0.51,14,0.54,3c
BIRD,Dicruridae,Rhipidura fuliginosa,keasti,Grey Fantail,GFAN,RF,8.6,8.5,8.9,155,26,25.4,0,.,9,10,3,3,2,4,1,1,4,4,0,3,1;2,761,target group,35438400,20964410,35438400,20964409.6,0 - 1346,16.7 - 24.8,715 - 5372,1,0.52,15,0.68,3c
BIRD,Pachycephalidae,Colluricincla megarhyncha,griseata,Little Shrike-Thrush,LST,CM,33,34.4,31.5,195,.,.,0,.,17,10,3,.,3,4,1,1,4,5,0,4,1,698,target group,28546201.6,20973638,28546201.6,20973638.4,0 - 1180,17.9 - 24.6,1005 - 4157,0.78,0.51,16,0.61,3d
REPT,Typhlopidae,Ramphotyphlops polygrammicus,.,,RAMPOLY,Rp,85.1,.,.,,288,366,0,.,.,4,7,.,2,4,2,2,2,2,0,3,5; 16,7,target group,34489792,21221901,34493478.4,21221900.8,94 - 660,20.5 - 23.4,1494 - 4020,0.91,9.38,1,1,1b
REPT,Scincidae,Cyclodomorphus gerrardii,.,Pink-tongued Lizard,CYCGERR,Cg,136,.,.,212,.,.,0,.,13,4,10,.,2,4,1,2,5,3,0,3,5; 16; 19,9,target group,33221964.8,21630029,33285811.2,21643961.6,60 - 928,19.1 - 23.3,1503 - 3477,1.2,4.19,3,0.5,1b
BIRD,Cuculidae,Scythrops novaehollandiae,novaehollandiae,Channel-billed Cuckoo,CBILCUC,SN,684.1,708.2,660,700,.,.,0,.,8,7,4,.,2,3,1,1,4,9,0,3,1;2,78,target group,31580249.6,22206547,31580249.6,22206547.2,0 - 1110,18.1 - 24.6,812 - 4074,0.25,0.56,5,0.47,3bc
BIRD,Meliphagidae,Myzomela sanguinolenta,sanguinolenta,Scarlet Honeyeater,SCARHE,MS,7.8,7.9,7.7,100,.,.,1,.,10,10,2,3,3,3,1,1,4,6,0,3,1;2,196,target group,31193888,22226016,31193888,22226016,7 - 1140,18.1 - 24.3,817 - 3395,0.49,0.54,11,0.41,2c
MAMM,Canidae,Canis lupus dingo,dingo,Dingo,CANLUPU,Cd,18000,.,.,,.,.,0,671,14,5,5,1,1,4,2,3,2,8,0,3,3; 10; 12; 13,55,target group,34608857.6,23387270,34608857.6,23387270.4,2 - 1437,16.2 - 24.5,828 - 6505,1.01,0.5,7,0.57,2bcd
BIRD,Dicaeidae,Dicaeum hirundinaceum,hirundinaceum,Mistletoebird,MTB,Dh,8.5,8.9,8.1,90,.,.,1,.,9,10,3,2,3,3,1,1,4,6,0,3,1;2,663,target group,33479795.2,23878106,33479795.2,23878105.6,0 - 1527,15.8 - 24.8,899 - 7292,0.76,0.46,16,0.62,3c
REPT,Colubridae,Boiga irregularis,.,Brown Tree Snake,BOIIRRE,Bi,285,.,.,1035,1040,960,0,.,13,4,7,1,1,4,2,2,1,7,0,3,3; 5; 16; 17,52,target group,35295302.4,24125440,35295302.4,24125440,15 - 1110,18.1 - 24.5,1003 - 4177,0.8,0.58,5,0.55,2bc
REPT,Colubridae,Tropidonophis mairii,.,Keelback,TROMAIR,Tm,.,.,.,,483,556,.,.,.,.,10,.,.,4,2,2,6,5,0,3,5; 16; 17,22,target group,31662240,24519674,31662240,24519673.6,2 - 817,19.7 - 24,1023 - 2861,0.46,0.66,4,0.42,1bc
REPT,Colubridae,Dendrelaphis punctulata,.,Common Tree Snake,DENPUNC,Dp,180,.,.,789,.,.,0,.,.,4,9,.,2,4,1,2,1,6,0,3,5; 16; 17,50,target group,33390694.4,24635642,33390694.4,24635641.6,2 - 950,19 - 24.4,999 - 3377,0.54,0.58,5,0.54,2bc
REPT,Elapidae,Furina ornata,.,Orange-naped Snake,FURORNA,Fo,.,.,.,,291,365,.,.,.,.,3,.,1,4,2,2,2,2,0,3,5; 16; 17;18,4,target group,30854553.6,24764576,30854553.6,24764576,56 - 600,20.8 - 23.6,934 - 2064,.,.,2,0.5,1b
MAMM,Vespertilionidae,Myotis adversus,moluccarum,Large-footed myotis,MYOADVE,MY,10,.,.,54,.,.,.,.,20,5,2,2.5,3,4,2,2,4,6,0,3,3; 10; 12,4,target group,34823238.4,25891098,34823238.4,25891097.6,179 - 657,20.6 - 22.9,1261 - 3307,.,.,3,0.5,1b
FROG,Hylidae,Litoria fallax,.,Eastern Sedgefrog,LITFALL,RU,0.9,.,.,25,.,.,0,365,.,1,695,.,2,4,1,3,6,3,0,3,5; 6; 7,84,target group,34943552,27884301,34943552,27884300.8,0 - 1065,18.3 - 24.5,838 - 3726,0.42,0.47,8,0.36,3bc
BIRD,Cacatuidae,Cacatua galerita,galerita,Sulphur-crested Cockatoo,SCC,Cg,789.5,815,764,550,.,.,0,2000,57,10,2,1,1,2,1,1,4,7,0,3,1;3,871,target group,36551187.2,28155520,36551187.2,28155520,0 - 1437,16.2 - 24.8,814 - 6505,0.82,0.46,15,0.67,3c
BIRD,Cuculidae,Cacomantis variolosus,dumetorum,Brush Cuckoo,BCUC,AT,32.9,33.7,32.1,230,.,.,1,.,6,7,1,1,3,4,3,1,4,6,0,3,1;2*,132,target group,35583846.4,28927725,35583846.4,28927724.8,1 - 1181,18 - 24.6,886 - 3915,0.54,0.45,8,0.35,3b
BIRD,Meropidae,Merops ornatus,.,Rainbow Bee-eater,RBBE,Mo,28,29.8,26.1,235,250,220,1,.,7,9,5,2,3,4,1,2,4,7,0,3,1;3*,413,target group,35185868.8,30027174,35185868.8,30027174.4,0 - 1280,17.4 - 24.8,814 - 4157,0.55,0.46,12,0.45,3c
BIRD,Dicruridae,Dicrurus bracteatus,atrabectus,Spangled Drongo,SD,dB,79.6,79.1,80,300,.,.,0,.,8,10,5,.,1,4,1,1,4,8,0,3,1;2,505,target group,36509542.4,32666003,36509542.4,32666003.2,0 - 1211,17.8 - 24.8,814 - 4157,0.65,0.46,13,0.42,3c
BIRD,Psittacidae,Trichoglossus haematodus,mollucanus,Rainbow Lorikeet,RL,Th,130,135,128,300,.,.,0,.,16,10,2,2,3,3,1,1,4,7,0,4,1;3,744,target group,36462284.8,33911411,36462284.8,33911411.2,0 - 1294,17.2 - 24.9,812 - 5252,0.54,0.43,14,0.48,4
REPT,Scincidae,Carlia aeratus,.,,LYGAERA,Ca,.,.,.,,.,.,.,.,.,.,2,.,.,4,1,2,2,2,0,3,5; 16,0,.,.,,.,.,.,.,.,.,.,.,.,.
REPT,Scincidae,Carlia tanneri,.,,LYGTANN,Ct,.,.,.,,.,.,.,.,.,.,2,.,.,4,1,2,2,2,0,3,5; 16,0,.,.,,.,.,.,.,.,.,.,.,.,.
REPT,Crocodylidae,Crocodylus porosus,.,Estuarine Crocodile,CROPORO,Cp,.,.,.,5000,.,.,.,.,42,.,50,.,2,4,2,3,6,8,0,3,3; 5; 16,0,.,.,,.,.,.,.,.,.,.,.,.,.
REPT,Elapidae,Demansia torquata,.,Collared Whipsnake,DEMTORQ,To,.,.,.,525,539,510,.,.,.,.,4,.,1,4,1,2,2,6,0,3,5; 16; 17;18,0,.,.,,.,.,.,.,.,.,.,.,.,.
REPT,Elapidae,Cacophis squamulosus,.,Golden Crowned Snake,CACSQUA,Cs,.,.,.,484,389,484,.,976,.,.,6,1,2,4,2,2,2,5,0,5,5; 16; 17; 19,0,.,.,,.,.,.,.,.,.,.,.,.,.
REPT,Typhlopidae,Ramphotyphlops unguirostris,.,,RAMUNGU,Ru,.,.,.,357,.,.,.,.,.,.,20,.,.,4,2,2,2,4,0,3,5; 16,0,.,.,,.,.,.,.,.,.,.,.,.,.
REPT,Chelidae,Emydura macquarii,.,Krefft's RiverTurtle,EMYKREF,Em,.,.,.,300,.,.,.,.,30,.,20,.,.,4,1,,3,5,0,3,5; 16; 19,0,.,.,,.,.,.,.,.,.,.,.,.,.
REPT,Chelidae,Elseya latisternum,.,Sawshell Turtle,ELSLATI,El,.,.,.,280,.,.,.,.,26,.,17,.,.,4,1,,3,5,0,3,5; 16; 19,0,.,.,,.,.,.,.,.,.,.,.,.,.
REPT,Varanidae,Varanus tristis,orientalis,,VARTRIS,Vt,.,.,.,280,.,.,.,.,8,.,10,.,1,4,1,3,5,4,0,3,5; 16; 19,0,.,.,,.,.,.,.,.,.,.,.,.,.
BIRD,Muscicapidae,Zoothera heinei,.,Russet-tailed Thrush,RUSTTH,Zh,85,82.4,82,260,.,.,0,.,8,.,2,.,2,4,1,1,4,7,0,6,1;2*,0,.,.,,.,.,.,.,.,.,.,.,.,.
BIRD,Dicruridae,Monarcha frater,.,Black-winged Monarch,BWMON,Fr,19,.,.,180,.,.,0,.,12,.,3,.,1,4,1,1,4,7,0,4,1;2*,0,.,.,,.,.,.,.,.,.,.,.,.,.
FROG,Bufonidae,Bufo marinus,.,Cane Toad,BUFMARI,.,.,.,.,150,.,.,.,365,25,1,15000,2,2,4,2,2,2,5,0,3,3; 5; 6; 7,0,.,.,,.,.,.,.,.,.,.,.,.,.
BIRD,Meliphagidae,Ramsayornis fasciatus,fasciatus,Bar-breasted Honeyeater,BARBHE,rf,12.5,13.2,12.3,140,.,.,0,.,.,.,2,.,3,3,1,1,4,5,0,3,1,0,.,.,,.,.,.,.,.,.,.,.,.,.
BIRD,Acanthizidae,Gerygone palpebrosa,flavida,Fairy Gerygone,FGERS,pf,7.4,7.7,7.1,108,.,.,1,.,4,.,2,.,3,4,1,1,4,4,0,3,1;2,0,.,.,,.,.,.,.,.,.,.,.,.,.
REPT,Pygopodidae,Delma labialis,.,Striped-tailed Delma,DELLABI,Dl,.,.,.,100,.,.,.,.,.,.,2,.,.,4,1,2,2,2,0,3,5; 16,0,.,.,,.,.,.,.,.,.,.,.,.,.
MAMM,Vespertilionidae,Scoteanax rueppellii,.,Greater broadnosed bat,SCORUEP,Sr,30,.,.,86,.,.,.,.,.,5,1,1,1,4,2,2,4,6,0,3,3*; 10; 12*,0,.,.,,.,.,.,.,.,.,.,.,.,.
REPT,Pygopodidae,Delma mitella,.,,DELMITE,Dm,.,.,.,80,.,.,.,.,.,.,2,.,.,4,1,2,2,2,1,4,5; 16,0,.,.,,.,.,.,.,.,.,.,.,.,.
MAMM,Pteropodidae,Macroglossus minimus,.,Northern blossom bat,MACMINI,Mm,13,14,12,61,.,.,.,.,.,5,1,2,2,3,2,2,4,6,0,3,3; 10; 11; 12,0,.,.,,.,.,.,.,.,.,.,.,.,.
MAMM,Vespertilionidae,Kerivoula papuensis,.,Golden-tipped bat,PHOPAPU,Kp,6,.,.,60,.,.,.,.,3,5,,.,2,4,2,2,4,6,0,3,2; 10,0,.,.,,.,.,.,.,.,.,.,.,.,.
MAMM,Pteropodidae,Syconycteris australis,.,Common blossom bat,SYCAUST,Sa,19,19,19,60,.,.,.,.,.,5,1,2,.,3,2,2,4,6,0,3,10,0,.,.,,.,.,.,.,.,.,.,.,.,.
MAMM,Vespertilionidae,Nyctophilus gouldi,.,Gould's longeared bat,NYCGOUL,Ng,11,.,.,58,.,.,.,.,4,5,2,1,2,4,2,2,4,6,0,3,2; 10,0,.,.,,.,.,.,.,.,.,.,.,.,.
MAMM,Vespertilionidae,Miniopterus schreibersii,oceanensis,Common bentwing bat,MINSCHR,Ma,17,.,.,58,.,.,.,400,22,5,1,1,1,4,2,2,4,6,0,3,2; 10,0,.,.,,.,.,.,.,.,.,.,.,.,.
MAMM,Vespertilionidae,Nyctophilus bifax,bifax,Northern longeared bat,NYCBIFA,Nb,12,.,.,55,.,.,.,.,4,5,2,1,2,4,2,2,4,6,0,3,2*; 10,0,.,.,,.,.,.,.,.,.,.,.,.,.
MAMM,Hipposideridae,Hipposideros cervinus,cervinus,Fawn leafnosed bat,HIPCERV,Hc,9,.,.,55,.,.,.,.,12,5,1,1,1,4,2,2,4,6,0,3,3*; 10; 12*,0,.,.,,.,.,.,.,.,.,.,.,.,.
REPT,Typhlopidae,Ramphotyphlops proximus,.,,RAMPROX,PR,.,.,.,50,245,358,.,.,.,.,13,.,.,4,4,2,2,2,0,3,5; 16,0,.,.,,.,.,.,.,.,.,.,.,.,.
REPT,Elapidae,Furina barnardi,.,Yellow-naped Snake,FURBARN,Fb,.,.,.,50,288,440,.,.,.,.,8,.,.,4,2,2,2,2,0,3,5; 16; 17;18,0,.,.,,.,.,.,.,.,.,.,.,.,.
REPT,Scincidae,Glaphyromorphus crassicaudus,.,,GLACRAS,Gc,.,.,.,50,.,50.6,.,.,.,.,3,.,.,4,1,2,2,2,0,3,5; 16,0,.,.,,.,.,.,.,.,.,.,.,.,.
REPT,Scincidae,Anomalopus gowi,.,,ANOGOWI,Ag,.,.,.,50,.,101.9,.,.,.,.,2,.,.,4,1,2,2,2,0,3,5; 16,0,.,.,,.,.,.,.,.,.,.,.,.,3a
MAMM,Hipposideridae,Hipposideros semoni,.,Semon's leafnosed bat,HIPSEMO,Hs,16,.,.,50,.,.,.,.,12,5,1,1,.,4,2,2,4,6,0,3,3*; 10; 12*,0,.,.,,.,.,.,.,.,.,.,.,.,.
MAMM,Vespertilionidae,Miniopterus australis,.,Little bentwing bat,MINAUST,Ms,7.5,.,.,48,.,.,.,.,20,5,1,1,1,4,2,2,4,6,0,3,2*; 10,0,.,.,,.,.,.,.,.,.,.,.,.,.
REPT,Scincidae,Lampropholis delicata,.,,LAMDELI,Ld,.,.,.,40,.,40,.,.,.,.,5,.,.,4,1,2,2,2,0,3,5; 16,0,.,.,,.,.,.,.,.,.,.,.,.,.
MAMM,Vespertilionidae,Vespadelus pumilus,.,Eastern forest bat,VESPUMI,Ep,4.4,3.9,4.9,40,.,.,.,.,5,5,1,1,.,4,2,2,4,6,0,3,3; 10,0,.,.,,.,.,.,.,.,.,.,.,.,.
REPT,Scincidae,Calyptotis thorntonensis,.,Thornton Peak Skink,CALTHOR,CT,.,.,.,35,.,.,.,.,.,.,3,.,.,4,1,2,2,2,1,6,5; 16,0,.,.,,.,.,.,.,.,.,.,.,.,.
REPT,Scincidae,Carlia laevis,.,,LYGLAEV,CL,0.7,0.7,0.7,35,35.2,33.9,.,.,.,.,2,.,2,4,1,2,2,2,1,3,5; 16,0,.,.,,.,.,.,.,.,.,.,.,.,.
REPT,Typhlopidae,Ramphotyphlops ligatus,.,,RAMLIGA,Rl,.,.,.,30,242,305,.,.,.,.,8,.,.,4,2,2,2,2,0,3,5; 16,0,.,.,,.,.,.,.,.,.,.,.,.,.
REPT,Scincidae,Menetia koshlandae,.,,MENKOSH,MK,.,.,.,29,.,.,.,.,.,.,2,.,.,4,1,2,2,2,0,3,5; 16,0,.,.,,.,.,.,.,.,.,.,.,.,.
REPT,Typhlopidae,Ramphotyphlops robertsi,.,,RAMROBE,Rn,.,.,.,25,.,.,.,.,.,.,6,.,.,4,2,2,2,2,1,3,5; 16,0,.,.,,.,.,.,.,.,.,.,.,.,.
REPT,Typhlopidae,Ramphotyphlops wiedii,.,,RAMWIED,Rw,.,.,.,20,196,235,.,.,.,.,4,.,.,4,2,2,2,2,0,3,5; 16,0,.,.,,.,.,.,.,.,.,.,.,.,.
REPT,Typhlopidae,Ramphotyphlops broomi,.,,RAMBROO,Rb,.,.,.,18,.,.,.,.,.,.,3,.,.,4,2,2,2,2,0,3,5; 16,0,.,.,,.,.,.,.,.,.,.,.,.,.
REPT,Typhlopidae,Ramphotyphlops affinis,.,,RAMAFFI,Ra,.,.,.,15,206,252,.,.,.,.,3,.,.,4,2,2,2,2,0,3,5; 16,0,.,.,,.,.,.,.,.,.,.,.,.,.
